file_upload,band_label,band_px,band_h,W
c91ea68d-about-gitlab-com.png,Banner,79200,55,1440
c91ea68d-about-gitlab-com.png,Nav,116640,81,1440
c91ea68d-about-gitlab-com.png,Header,2403360,1669,1440
c91ea68d-about-gitlab-com.png,Main,6996960,4859,1440
c91ea68d-about-gitlab-com.png,Supplement,1133280,787,1440
c91ea68d-about-gitlab-com.png,Footer,224640,156,1440
215c083d-airbyte-com.png,Banner,43200,30,1440
215c083d-airbyte-com.png,Nav,103680,72,1440
215c083d-airbyte-com.png,Header,1375200,955,1440
215c083d-airbyte-com.png,Supplement,668160,464,1440
215c083d-airbyte-com.png,Footer,218880,152,1440
215c083d-airbyte-com.png,Main,10304640,7156,1440
350832fc-aws-amazon-com.png,Nav,174240,121,1440
350832fc-aws-amazon-com.png,Header,5353920,3718,1440
350832fc-aws-amazon-com.png,Supplement,817920,568,1440
350832fc-aws-amazon-com.png,Footer,204480,142,1440
350832fc-aws-amazon-com.png,Main,19199520,13333,1440
5ddc004d-cloud-google-com.png,Header,1261440,876,1440
5ddc004d-cloud-google-com.png,Nav,100800,70,1440
5ddc004d-cloud-google-com.png,Supplement,751680,522,1440
5ddc004d-cloud-google-com.png,Footer,156960,109,1440
5ddc004d-cloud-google-com.png,Main,8197920,5693,1440
f052f5fa-huggingface-co.png,Nav,103680,72,1440
f052f5fa-huggingface-co.png,Header,1028160,714,1440
f052f5fa-huggingface-co.png,Main,6901920,4793,1440
f052f5fa-huggingface-co.png,Supplement,423360,294,1440
b3af4e69-netlify-com.png,Banner,50400,35,1440
b3af4e69-netlify-com.png,Nav,105120,73,1440
b3af4e69-netlify-com.png,Header,946080,657,1440
b3af4e69-netlify-com.png,Main,5699520,3958,1440
b3af4e69-netlify-com.png,Supplement,921600,640,1440
b3af4e69-netlify-com.png,Footer,292320,203,1440
a1b193e1-openai-com.png,Header,1366560,949,1440
a1b193e1-openai-com.png,Main,7063200,4905,1440
a1b193e1-openai-com.png,Supplement,1156320,803,1440
a1b193e1-openai-com.png,Footer,139680,97,1440
d16fd0f0-pytorch-org.png,Banner,47520,33,1440
d16fd0f0-pytorch-org.png,Nav,116640,81,1440
d16fd0f0-pytorch-org.png,Header,1262880,877,1440
d16fd0f0-pytorch-org.png,Main,3752640,2606,1440
d16fd0f0-pytorch-org.png,Supplement,849600,590,1440
d16fd0f0-pytorch-org.png,Footer,411840,286,1440
793e3cdc-supabase-com.png,Nav,90720,63,1440
793e3cdc-supabase-com.png,Header,977760,679,1440
793e3cdc-supabase-com.png,Main,7853760,5454,1440
793e3cdc-supabase-com.png,Supplement,1000800,695,1440
793e3cdc-supabase-com.png,Footer,217440,151,1440
eb395cbc-vercel-com.png,Nav,115200,80,1440
eb395cbc-vercel-com.png,Header,1159200,805,1440
eb395cbc-vercel-com.png,Main,6887520,4783,1440
eb395cbc-vercel-com.png,Supplement,757440,526,1440
eb395cbc-vercel-com.png,Footer,197280,137,1440
cbceaa2f-www-cloudflare-com.png,Header,1476000,1025,1440
cbceaa2f-www-cloudflare-com.png,Main,7659360,5319,1440
cbceaa2f-www-cloudflare-com.png,Supplement,483840,336,1440
cbceaa2f-www-cloudflare-com.png,Footer,105120,73,1440
ce64ff03-www-digitalocean-com.png,Nav,48960,34,1440
ce64ff03-www-digitalocean-com.png,Nav,109440,76,1440
ce64ff03-www-digitalocean-com.png,Header,1797120,1248,1440
ce64ff03-www-digitalocean-com.png,Main,8490240,5896,1440
ce64ff03-www-digitalocean-com.png,Supplement,980640,681,1440
ce64ff03-www-digitalocean-com.png,Footer,290880,202,1440
dd85dfe8-www-docker-com.png,Banner,59040,41,1440
dd85dfe8-www-docker-com.png,Nav,119520,83,1440
dd85dfe8-www-docker-com.png,Header,1491840,1036,1440
dd85dfe8-www-docker-com.png,Main,8085600,5615,1440
dd85dfe8-www-docker-com.png,Supplement,845280,587,1440
dd85dfe8-www-docker-com.png,Footer,207360,144,1440
58776508-www-elastic-co.png,Banner,57600,40,1440
58776508-www-elastic-co.png,Nav,118080,82,1440
58776508-www-elastic-co.png,Header,1522080,1057,1440
58776508-www-elastic-co.png,Main,7604640,5281,1440
58776508-www-elastic-co.png,Supplement,793440,551,1440
58776508-www-elastic-co.png,Footer,544320,378,1440
1b13d380-www-jetbrains-com.png,Nav,102240,71,1440
1b13d380-www-jetbrains-com.png,Header,1130400,785,1440
1b13d380-www-jetbrains-com.png,Main,15140160,10514,1440
1b13d380-www-jetbrains-com.png,Supplement,933120,648,1440
1b13d380-www-jetbrains-com.png,Footer,357120,248,1440
f84a315a-www-kubernetes-io.png,Nav,361440,251,1440
f84a315a-www-kubernetes-io.png,Header,1632960,1134,1440
f84a315a-www-kubernetes-io.png,Main,3683520,2558,1440
f84a315a-www-kubernetes-io.png,Banner,354240,246,1440
1f806e9d-www-mongodb-com.png,Banner,72000,50,1440
1f806e9d-www-mongodb-com.png,Nav,154080,107,1440
1f806e9d-www-mongodb-com.png,Header,1860480,1292,1440
1f806e9d-www-mongodb-com.png,Main,5313600,3690,1440
1f806e9d-www-mongodb-com.png,Supplement,918720,638,1440
1f806e9d-www-mongodb-com.png,Footer,138240,96,1440
ff5a9657-www-tensorflow-org.png,Nav,74880,52,1440
ff5a9657-www-tensorflow-org.png,Header,2903040,2016,1440
ff5a9657-www-tensorflow-org.png,Main,5893920,4093,1440
ff5a9657-www-tensorflow-org.png,Supplement,328320,228,1440
ff5a9657-www-tensorflow-org.png,Footer,174240,121,1440
280db735-airflow-apache-org.png,Banner,59040,41,1440
280db735-airflow-apache-org.png,Nav,172800,120,1440
280db735-airflow-apache-org.png,Header,1301760,904,1440
280db735-airflow-apache-org.png,Main,4747680,3297,1440
280db735-airflow-apache-org.png,Supplement,200160,139,1440
280db735-airflow-apache-org.png,Footer,217440,151,1440
6cb941c0-circleci-com.png,Nav,104544,72,1452
6cb941c0-circleci-com.png,Banner,66792,46,1452
6cb941c0-circleci-com.png,Header,1290828,889,1452
6cb941c0-circleci-com.png,Main,8652468,5959,1452
6cb941c0-circleci-com.png,Supplement,710028,489,1452
6cb941c0-circleci-com.png,Footer,911856,628,1452
64a5f0ea-duckdb-org.png,Nav,99360,69,1440
64a5f0ea-duckdb-org.png,Header,695520,483,1440
64a5f0ea-duckdb-org.png,Main,2501280,1737,1440
64a5f0ea-duckdb-org.png,Supplement,489600,340,1440
64a5f0ea-duckdb-org.png,Footer,96480,67,1440
52928ebd-grafana-com.png,Nav,63360,44,1440
52928ebd-grafana-com.png,Header,1177920,818,1440
52928ebd-grafana-com.png,Main,6953760,4829,1440
52928ebd-grafana-com.png,Supplement,1235520,858,1440
52928ebd-grafana-com.png,Footer,197280,137,1440
006b0d73-insomnia-rest.png,Nav,92160,64,1440
006b0d73-insomnia-rest.png,Header,1002240,696,1440
006b0d73-insomnia-rest.png,Main,5146560,3574,1440
006b0d73-insomnia-rest.png,Supplement,584640,406,1440
006b0d73-insomnia-rest.png,Footer,133920,93,1440
92e21fbb-k6-io.png,Nav,139680,97,1440
92e21fbb-k6-io.png,Header,1343520,933,1440
92e21fbb-k6-io.png,Main,8157600,5665,1440
92e21fbb-k6-io.png,Supplement,324000,225,1440
92e21fbb-k6-io.png,Footer,239040,166,1440
1c7b9e5c-prometheus-io.png,Nav,110880,77,1440
1c7b9e5c-prometheus-io.png,Header,825120,573,1440
1c7b9e5c-prometheus-io.png,Main,2629440,1826,1440
1c7b9e5c-prometheus-io.png,Footer,192960,134,1440
4c25279e-snyk-io.png,Nav,122400,85,1440
4c25279e-snyk-io.png,Header,1985760,1379,1440
4c25279e-snyk-io.png,Main,16932960,11759,1440
4c25279e-snyk-io.png,Supplement,688320,478,1440
4c25279e-snyk-io.png,Footer,126720,88,1440
9eaea61f-superset-apache-org.png,Banner,37440,26,1440
9eaea61f-superset-apache-org.png,Nav,86400,60,1440
9eaea61f-superset-apache-org.png,Header,1350720,938,1440
9eaea61f-superset-apache-org.png,Main,4446720,3088,1440
9eaea61f-superset-apache-org.png,Supplement,103680,72,1440
9eaea61f-superset-apache-org.png,Footer,411840,286,1440
13f81c60-www-ansible-com.png,Nav,120960,84,1440
13f81c60-www-ansible-com.png,Header,537120,373,1440
13f81c60-www-ansible-com.png,Main,4947840,3436,1440
13f81c60-www-ansible-com.png,Footer,175680,122,1440
5bdaf5ce-www-hashicorp-com.png,Nav,92160,64,1440
5bdaf5ce-www-hashicorp-com.png,Header,1139040,791,1440
5bdaf5ce-www-hashicorp-com.png,Main,9021600,6265,1440
5bdaf5ce-www-hashicorp-com.png,Supplement,832320,578,1440
5bdaf5ce-www-hashicorp-com.png,Footer,151200,105,1440
19d8ec73-www-jenkins-io.png,Nav,84960,59,1440
19d8ec73-www-jenkins-io.png,Header,588960,409,1440
19d8ec73-www-jenkins-io.png,Main,5549760,3854,1440
19d8ec73-www-jenkins-io.png,Supplement,527040,366,1440
19d8ec73-www-jenkins-io.png,Footer,159840,111,1440
b0e5cc0e-www-postman-com.png,Nav,76320,53,1440
b0e5cc0e-www-postman-com.png,Banner,79200,55,1440
b0e5cc0e-www-postman-com.png,Header,809280,562,1440
b0e5cc0e-www-postman-com.png,Main,6541920,4543,1440
b0e5cc0e-www-postman-com.png,Supplement,763200,530,1440
b0e5cc0e-www-postman-com.png,Footer,180000,125,1440
44e8dc1b-zapier-com.png,Banner,73440,51,1440
44e8dc1b-zapier-com.png,Nav,87840,61,1440
44e8dc1b-zapier-com.png,Header,1185120,823,1440
44e8dc1b-zapier-com.png,Main,23620320,16403,1440
44e8dc1b-zapier-com.png,Supplement,482400,335,1440
44e8dc1b-zapier-com.png,Footer,115200,80,1440
3bfcbcab-cmake-org.png,Banner,69120,48,1440
3bfcbcab-cmake-org.png,Nav,97920,68,1440
3bfcbcab-cmake-org.png,Header,892800,620,1440
3bfcbcab-cmake-org.png,Main,4451040,3091,1440
a08a3380-developer-mozilla-org.png,Banner,83520,58,1440
a08a3380-developer-mozilla-org.png,Nav,184320,128,1440
a08a3380-developer-mozilla-org.png,Header,459360,319,1440
a08a3380-developer-mozilla-org.png,Main,3100320,2153,1440
a08a3380-developer-mozilla-org.png,Supplement,432000,300,1440
a08a3380-developer-mozilla-org.png,Footer,204480,142,1440
d6988b0f-docs-docker-com.png,Nav,90720,63,1440
d6988b0f-docs-docker-com.png,Header,1288800,895,1440
d6988b0f-docs-docker-com.png,Main,1866240,1296,1440
d6988b0f-docs-docker-com.png,Supplement,478080,332,1440
d6988b0f-docs-docker-com.png,Footer,151200,105,1440
a5982292-flatpak-org.png,Header,1097280,762,1440
a5982292-flatpak-org.png,Main,4115520,2858,1440
a5982292-flatpak-org.png,Supplement,643680,447,1440
d7ce7143-jupyter-org.png,Nav,100800,70,1440
d7ce7143-jupyter-org.png,Header,529920,368,1440
d7ce7143-jupyter-org.png,Main,8000640,5556,1440
d7ce7143-jupyter-org.png,Supplement,542880,377,1440
d7ce7143-jupyter-org.png,Footer,249120,173,1440
0d1bb443-nodered-org.png,Banner,70560,49,1440
0d1bb443-nodered-org.png,Nav,97920,68,1440
0d1bb443-nodered-org.png,Header,792000,550,1440
0d1bb443-nodered-org.png,Main,6495840,4511,1440
0d1bb443-nodered-org.png,Supplement,241920,168,1440
0d1bb443-nodered-org.png,Footer,275040,191,1440
0d9f85ba-numpy-org.png,Nav,328320,228,1440
0d9f85ba-numpy-org.png,Banner,90720,63,1440
0d9f85ba-numpy-org.png,Header,650880,452,1440
0d9f85ba-numpy-org.png,Main,3782880,2627,1440
0d9f85ba-numpy-org.png,Supplement,486720,338,1440
f30a75ae-opencv-org.png,Nav,180000,125,1440
f30a75ae-opencv-org.png,Header,761760,529,1440
f30a75ae-opencv-org.png,Main,4044960,2809,1440
f30a75ae-opencv-org.png,Supplement,276480,192,1440
64e3ccf8-www-arduino-cc.png,Nav,93600,65,1440
64e3ccf8-www-arduino-cc.png,Header,714240,496,1440
64e3ccf8-www-arduino-cc.png,Main,7865280,5462,1440
64e3ccf8-www-arduino-cc.png,Supplement,806400,560,1440
64e3ccf8-www-arduino-cc.png,Footer,73440,51,1440
a1a492ad-www-arm-com.png,Nav,112320,78,1440
a1a492ad-www-arm-com.png,Header,1296000,900,1440
a1a492ad-www-arm-com.png,Main,8680320,6028,1440
a1a492ad-www-arm-com.png,Supplement,527040,366,1440
a1a492ad-www-arm-com.png,Footer,241920,168,1440
41368121-www-freedesktop-org.png,Header,233280,162,1440
41368121-www-freedesktop-org.png,Main,2070720,1438,1440
41368121-www-freedesktop-org.png,Footer,69120,48,1440
fc285be9-www-postgresql-org.png,Nav,77760,54,1440
fc285be9-www-postgresql-org.png,Banner,43200,30,1440
fc285be9-www-postgresql-org.png,Header,502560,349,1440
fc285be9-www-postgresql-org.png,Main,5051520,3508,1440
fc285be9-www-postgresql-org.png,Supplement,499680,347,1440
fc285be9-www-postgresql-org.png,Footer,218880,152,1440
a8d7f7d1-www-qt-io.png,Nav,254450,175,1454
a8d7f7d1-www-qt-io.png,Banner,122136,84,1454
a8d7f7d1-www-qt-io.png,Header,1784058,1227,1454
a8d7f7d1-www-qt-io.png,Main,9721444,6686,1454
a8d7f7d1-www-qt-io.png,Supplement,655754,451,1454
a8d7f7d1-www-qt-io.png,Footer,267536,184,1454
617a8766-www-raspberrypi-com.png,Nav,182880,127,1440
617a8766-www-raspberrypi-com.png,Header,568800,395,1440
617a8766-www-raspberrypi-com.png,Main,3528000,2450,1440
617a8766-www-raspberrypi-com.png,Supplement,1128960,784,1440
7623e82c-www-selenium-dev.png,Nav,93744,63,1488
7623e82c-www-selenium-dev.png,Header,569904,383,1488
7623e82c-www-selenium-dev.png,Main,3513168,2361,1488
7623e82c-www-selenium-dev.png,Footer,272304,183,1488
76de5490-www-virtualbox-org.png,Nav,161280,112,1440
76de5490-www-virtualbox-org.png,Header,623520,433,1440
76de5490-www-virtualbox-org.png,Main,1222560,849,1440
76de5490-www-virtualbox-org.png,Footer,126720,88,1440
4d770282-www-w3-org.png,Banner,56160,39,1440
4d770282-www-w3-org.png,Nav,378720,263,1440
4d770282-www-w3-org.png,Main,4596480,3192,1440
4d770282-www-w3-org.png,Footer,200160,139,1440
02c94219-gnome-org.png,Nav,155520,108,1440
02c94219-gnome-org.png,Header,1051200,730,1440
02c94219-gnome-org.png,Main,7853760,5454,1440
02c94219-gnome-org.png,Supplement,289440,201,1440
02c94219-gnome-org.png,Footer,201600,140,1440
112b16d2-inkscape-org.png,Nav,171360,119,1440
112b16d2-inkscape-org.png,Header,712800,495,1440
112b16d2-inkscape-org.png,Main,1585440,1101,1440
112b16d2-inkscape-org.png,Footer,109440,76,1440
f25cbf9e-kde-org.png,Nav,174240,121,1440
f25cbf9e-kde-org.png,Header,1416960,984,1440
f25cbf9e-kde-org.png,Main,10765440,7476,1440
f25cbf9e-kde-org.png,Supplement,630720,438,1440
f25cbf9e-kde-org.png,Banner,300960,209,1440
c1fd7967-ubuntu-com.png,Nav,158400,110,1440
c1fd7967-ubuntu-com.png,Header,833760,579,1440
c1fd7967-ubuntu-com.png,Main,15821280,10987,1440
c1fd7967-ubuntu-com.png,Supplement,1500480,1042,1440
c1fd7967-ubuntu-com.png,Banner,434880,302,1440
4399715c-www-apachefriends-org.png,Nav,84960,59,1440
4399715c-www-apachefriends-org.png,Header,169920,118,1440
4399715c-www-apachefriends-org.png,Main,1336320,928,1440
4399715c-www-apachefriends-org.png,Footer,198720,138,1440
0e9629d6-www-apache-org.png,Banner,64800,45,1440
0e9629d6-www-apache-org.png,Nav,267840,186,1440
0e9629d6-www-apache-org.png,Header,816480,567,1440
0e9629d6-www-apache-org.png,Main,8840160,6139,1440
0e9629d6-www-apache-org.png,Supplement,1121760,779,1440
0e9629d6-www-apache-org.png,Footer,355680,247,1440
038b85bd-www-blender-org.png,Banner,5760,4,1440
038b85bd-www-blender-org.png,Nav,60480,42,1440
038b85bd-www-blender-org.png,Header,131040,91,1440
038b85bd-www-blender-org.png,Main,930240,646,1440
038b85bd-www-blender-org.png,Supplement,48960,34,1440
038b85bd-www-blender-org.png,Banner,10080,7,1440
95687dcc-www-debian-org.png,Nav,105120,73,1440
95687dcc-www-debian-org.png,Header,165600,115,1440
95687dcc-www-debian-org.png,Main,2335680,1622,1440
95687dcc-www-debian-org.png,Footer,277920,193,1440
d6c42b61-www-freebsd-org.png,Nav,148320,103,1440
d6c42b61-www-freebsd-org.png,Header,473760,329,1440
d6c42b61-www-freebsd-org.png,Main,744480,517,1440
d6c42b61-www-freebsd-org.png,Footer,90720,63,1440
a660e16f-www-gimp-org.png,Nav,57600,40,1440
a660e16f-www-gimp-org.png,Header,504000,350,1440
a660e16f-www-gimp-org.png,Main,3879360,2694,1440
a660e16f-www-gimp-org.png,Supplement,486720,338,1440
a660e16f-www-gimp-org.png,Footer,211680,147,1440
d39fe230-www-latex-project-org.png,Nav,100800,70,1440
d39fe230-www-latex-project-org.png,Header,279360,194,1440
d39fe230-www-latex-project-org.png,Main,472320,328,1440
d39fe230-www-latex-project-org.png,Supplement,102240,71,1440
0e03ff81-www-libreoffice-org.png,Nav,178560,124,1440
0e03ff81-www-libreoffice-org.png,Header,966240,671,1440
0e03ff81-www-libreoffice-org.png,Main,1922400,1335,1440
0e03ff81-www-libreoffice-org.png,Supplement,178560,124,1440
0e03ff81-www-libreoffice-org.png,Footer,142560,99,1440
a0d939fe-www-linuxfoundation-org.png,Banner,73440,51,1440
a0d939fe-www-linuxfoundation-org.png,Nav,149760,104,1440
a0d939fe-www-linuxfoundation-org.png,Header,1431360,994,1440
a0d939fe-www-linuxfoundation-org.png,Main,6559200,4555,1440
a0d939fe-www-linuxfoundation-org.png,Supplement,535680,372,1440
a0d939fe-www-linuxfoundation-org.png,Footer,876960,609,1440
3c5dbfb7-www-mozilla-org.png,Nav,79200,55,1440
3c5dbfb7-www-mozilla-org.png,Header,1085760,754,1440
3c5dbfb7-www-mozilla-org.png,Main,8661600,6015,1440
3c5dbfb7-www-mozilla-org.png,Supplement,819360,569,1440
3c5dbfb7-www-mozilla-org.png,Footer,639360,444,1440
d5bdfdfa-www-nginx-com.png,Nav,198720,138,1440
d5bdfdfa-www-nginx-com.png,Header,717120,498,1440
d5bdfdfa-www-nginx-com.png,Main,3029760,2104,1440
d5bdfdfa-www-nginx-com.png,Supplement,1039680,722,1440
d5bdfdfa-www-nginx-com.png,Footer,263520,183,1440
212156eb-www-openstack-org.png,Nav,193408,128,1511
212156eb-www-openstack-org.png,Header,1024458,678,1511
212156eb-www-openstack-org.png,Main,5450177,3607,1511
212156eb-www-openstack-org.png,Supplement,359618,238,1511
212156eb-www-openstack-org.png,Footer,457833,303,1511
92fbf082-www-opensuse-org.png,Banner,46080,32,1440
92fbf082-www-opensuse-org.png,Nav,97920,68,1440
92fbf082-www-opensuse-org.png,Header,777600,540,1440
92fbf082-www-opensuse-org.png,Main,2030400,1410,1440
92fbf082-www-opensuse-org.png,Supplement,450720,313,1440
92fbf082-www-opensuse-org.png,Footer,105120,73,1440
a2f1f22a-www-redhat-com.png,Nav,116640,81,1440
a2f1f22a-www-redhat-com.png,Header,812160,564,1440
a2f1f22a-www-redhat-com.png,Main,6330240,4396,1440
a2f1f22a-www-redhat-com.png,Supplement,894240,621,1440
a2f1f22a-www-redhat-com.png,Footer,210240,146,1440
985a7780-www-ruby-lang-org.png,Nav,139680,97,1440
985a7780-www-ruby-lang-org.png,Header,247680,172,1440
985a7780-www-ruby-lang-org.png,Main,761760,529,1440
985a7780-www-ruby-lang-org.png,Supplement,74880,52,1440
985a7780-www-ruby-lang-org.png,Footer,73440,51,1440
b3d916f3-www-virtualmin-com.png,Header,1288800,895,1440
b3d916f3-www-virtualmin-com.png,Nav,108000,75,1440
b3d916f3-www-virtualmin-com.png,Main,4118400,2860,1440
b3d916f3-www-virtualmin-com.png,Footer,80640,56,1440
164e2028-angular-io.png,Nav,1385280,962,1440
164e2028-angular-io.png,Header,1382400,960,1440
164e2028-angular-io.png,Main,2085120,1448,1440
164e2028-angular-io.png,Supplement,555840,386,1440
164e2028-angular-io.png,Footer,142560,99,1440
8aee1fa1-bun-sh.png,Banner,60480,42,1440
8aee1fa1-bun-sh.png,Nav,115200,80,1440
8aee1fa1-bun-sh.png,Header,1219680,847,1440
8aee1fa1-bun-sh.png,Main,21306240,14796,1440
8aee1fa1-bun-sh.png,Supplement,466560,324,1440
8aee1fa1-bun-sh.png,Footer,182880,127,1440
5906d8f3-deno-com.png,Banner,100800,70,1440
5906d8f3-deno-com.png,Nav,135360,94,1440
5906d8f3-deno-com.png,Header,1506240,1046,1440
5906d8f3-deno-com.png,Main,19962720,13863,1440
5906d8f3-deno-com.png,Supplement,397440,276,1440
5906d8f3-deno-com.png,Footer,146880,102,1440
d0fc093a-fastapi-tiangolo-com.png,Banner,110880,77,1440
d0fc093a-fastapi-tiangolo-com.png,Nav,141120,98,1440
d0fc093a-fastapi-tiangolo-com.png,Main,607680,422,1440
d0fc093a-fastapi-tiangolo-com.png,Main,24409440,16951,1440
d0fc093a-fastapi-tiangolo-com.png,Supplement,133920,93,1440
d0fc093a-fastapi-tiangolo-com.png,Footer,139680,97,1440
77912f56-getbootstrap-com.png,Nav,92160,64,1440
77912f56-getbootstrap-com.png,Header,1211040,841,1440
77912f56-getbootstrap-com.png,Main,8889120,6173,1440
77912f56-getbootstrap-com.png,Supplement,554400,385,1440
835de583-godotengine-org.png,Header,879840,611,1440
835de583-godotengine-org.png,Main,6732000,4675,1440
835de583-godotengine-org.png,Supplement,527040,366,1440
835de583-godotengine-org.png,Footer,253440,176,1440
47c88dc0-nextjs-org.png,Nav,113760,79,1440
47c88dc0-nextjs-org.png,Header,921600,640,1440
47c88dc0-nextjs-org.png,Main,5725440,3976,1440
47c88dc0-nextjs-org.png,Supplement,612000,425,1440
47c88dc0-nextjs-org.png,Footer,159840,111,1440
a2a7c3a8-nodejs-org.png,Nav,86400,60,1440
a2a7c3a8-nodejs-org.png,Main,1090080,757,1440
a2a7c3a8-nodejs-org.png,Footer,122400,85,1440
549f2cbb-nuxt-com.png,Banner,70560,49,1440
549f2cbb-nuxt-com.png,Nav,90720,63,1440
549f2cbb-nuxt-com.png,Header,1402560,974,1440
549f2cbb-nuxt-com.png,Main,10674720,7413,1440
549f2cbb-nuxt-com.png,Supplement,334080,232,1440
549f2cbb-nuxt-com.png,Footer,93600,65,1440
eed5c7f2-react-dev.png,Nav,100800,70,1440
eed5c7f2-react-dev.png,Header,779040,541,1440
eed5c7f2-react-dev.png,Main,11530080,8007,1440
eed5c7f2-react-dev.png,Supplement,502560,349,1440
d7fa122f-svelte-dev.png,Header,1607040,1116,1440
d7fa122f-svelte-dev.png,Main,2710080,1882,1440
d7fa122f-svelte-dev.png,Footer,260640,181,1440
8b7e0f5d-tailwindcss-com.png,Nav,86400,60,1440
8b7e0f5d-tailwindcss-com.png,Header,1618560,1124,1440
8b7e0f5d-tailwindcss-com.png,Main,13337280,9262,1440
8b7e0f5d-tailwindcss-com.png,Supplement,480960,334,1440
8b7e0f5d-tailwindcss-com.png,Footer,210240,146,1440
775e4ab6-unrealengine-com.png,Nav,115200,80,1440
775e4ab6-unrealengine-com.png,Header,1069920,743,1440
775e4ab6-unrealengine-com.png,Main,8141760,5654,1440
775e4ab6-unrealengine-com.png,Supplement,1732320,1203,1440
0df9e228-vuejs-org.png,Nav,83520,58,1440
0df9e228-vuejs-org.png,Header,838080,582,1440
0df9e228-vuejs-org.png,Main,2705760,1879,1440
0df9e228-vuejs-org.png,Supplement,786240,546,1440
0df9e228-vuejs-org.png,Footer,155520,108,1440
97800386-www-djangoproject-com.png,Nav,103680,72,1440
97800386-www-djangoproject-com.png,Header,573120,398,1440
97800386-www-djangoproject-com.png,Main,3287520,2283,1440
97800386-www-djangoproject-com.png,Supplement,447840,311,1440
97800386-www-djangoproject-com.png,Footer,217440,151,1440
34f27978-asana-com.png,Nav,115200,80,1440
34f27978-asana-com.png,Header,948960,659,1440
34f27978-asana-com.png,Main,8856000,6150,1440
34f27978-asana-com.png,Supplement,721440,501,1440
d7cdd49d-slack-com.png,Nav,54720,38,1440
d7cdd49d-slack-com.png,Header,696960,484,1440
d7cdd49d-slack-com.png,Main,11361600,7890,1440
d7cdd49d-slack-com.png,Supplement,1173600,815,1440
d7cdd49d-slack-com.png,Footer,171360,119,1440
93ae574e-www-apple-com.png,Banner,115200,80,1440
93ae574e-www-apple-com.png,Nav,64800,45,1440
93ae574e-www-apple-com.png,Header,3594240,2496,1440
93ae574e-www-apple-com.png,Main,4213440,2926,1440
93ae574e-www-apple-com.png,Supplement,1533600,1065,1440
93ae574e-www-apple-com.png,Footer,614880,427,1440
9ecdb198-www-atlassian-com.png,Banner,116640,81,1440
9ecdb198-www-atlassian-com.png,Nav,105120,73,1440
9ecdb198-www-atlassian-com.png,Header,1605600,1115,1440
9ecdb198-www-atlassian-com.png,Main,10838880,7527,1440
9ecdb198-www-atlassian-com.png,Supplement,676800,470,1440
9ecdb198-www-atlassian-com.png,Footer,133920,93,1440
ed833428-www-coursera-org.png,Nav,175680,122,1440
ed833428-www-coursera-org.png,Header,696960,484,1440
ed833428-www-coursera-org.png,Main,5715360,3969,1440
ed833428-www-coursera-org.png,Supplement,217440,151,1440
71657227-www-dropbox-com.png,Nav,113760,79,1440
71657227-www-dropbox-com.png,Header,1082880,752,1440
71657227-www-dropbox-com.png,Main,10825920,7518,1440
71657227-www-dropbox-com.png,Supplement,889920,618,1440
71657227-www-dropbox-com.png,Footer,155520,108,1440
e80c8ec4-www-edx-org.png,Nav,108000,75,1440
e80c8ec4-www-edx-org.png,Banner,41760,29,1440
e80c8ec4-www-edx-org.png,Header,1026720,713,1440
e80c8ec4-www-edx-org.png,Main,10470240,7271,1440
e80c8ec4-www-edx-org.png,Supplement,1094400,760,1440
e80c8ec4-www-edx-org.png,Footer,695520,483,1440
d7fcfa28-www-ibm-com.png,Nav,123760,85,1456
d7fcfa28-www-ibm-com.png,Header,792064,544,1456
d7fcfa28-www-ibm-com.png,Main,4242784,2914,1456
d7fcfa28-www-ibm-com.png,Supplement,841568,578,1456
d7fcfa28-www-ibm-com.png,Footer,177632,122,1456
a31961ab-www-khanacademy-org.png,Nav,84960,59,1440
a31961ab-www-khanacademy-org.png,Header,1008000,700,1440
a31961ab-www-khanacademy-org.png,Main,9635040,6691,1440
a31961ab-www-khanacademy-org.png,Supplement,730080,507,1440
a31961ab-www-khanacademy-org.png,Footer,95040,66,1440
5b4d37a4-www-microsoft-com.png,Banner,119520,83,1440
5b4d37a4-www-microsoft-com.png,Nav,76320,53,1440
5b4d37a4-www-microsoft-com.png,Banner,82080,57,1440
5b4d37a4-www-microsoft-com.png,Header,1127520,783,1440
5b4d37a4-www-microsoft-com.png,Main,3150720,2188,1440
5b4d37a4-www-microsoft-com.png,Supplement,493920,343,1440
5b4d37a4-www-microsoft-com.png,Footer,105120,73,1440
d4c6f9cd-www-nasa-gov.png,Banner,72000,50,1440
d4c6f9cd-www-nasa-gov.png,Nav,116640,81,1440
d4c6f9cd-www-nasa-gov.png,Header,925920,643,1440
d4c6f9cd-www-nasa-gov.png,Main,6200640,4306,1440
d4c6f9cd-www-nasa-gov.png,Supplement,606240,421,1440
d4c6f9cd-www-nasa-gov.png,Footer,246240,171,1440
c565cdff-www-notion-so.png,Nav,106560,74,1440
c565cdff-www-notion-so.png,Header,1663200,1155,1440
c565cdff-www-notion-so.png,Main,6029280,4187,1440
c565cdff-www-notion-so.png,Supplement,459360,319,1440
c565cdff-www-notion-so.png,Footer,506880,352,1440
bc9a0bed-www-nvidia-com.png,Nav,129600,90,1440
bc9a0bed-www-nvidia-com.png,Header,263520,183,1440
bc9a0bed-www-nvidia-com.png,Main,1441440,1001,1440
bc9a0bed-www-nvidia-com.png,Footer,230400,160,1440
b37dddf5-www-sap-com.png,Nav,89280,62,1440
b37dddf5-www-sap-com.png,Header,986400,685,1440
b37dddf5-www-sap-com.png,Main,6503040,4516,1440
b37dddf5-www-sap-com.png,Supplement,619200,430,1440
b37dddf5-www-sap-com.png,Footer,230400,160,1440
8ef93dd4-www-trello-com.png,Nav,128160,89,1440
8ef93dd4-www-trello-com.png,Banner,89280,62,1440
8ef93dd4-www-trello-com.png,Header,933120,648,1440
8ef93dd4-www-trello-com.png,Main,5472000,3800,1440
8ef93dd4-www-trello-com.png,Supplement,187200,130,1440
8ef93dd4-www-trello-com.png,Footer,90720,63,1440
6867a379-www-udacity-com.png,Nav,307762,133,2314
6867a379-www-udacity-com.png,Banner,106444,46,2314
6867a379-www-udacity-com.png,Header,1330550,575,2314
6867a379-www-udacity-com.png,Main,19766188,8542,2314
6867a379-www-udacity-com.png,Supplement,1705418,737,2314
6867a379-www-udacity-com.png,Footer,502138,217,2314
3370b1f4-clojure-org.png,Nav,313920,218,1440
3370b1f4-clojure-org.png,Header,1044000,725,1440
3370b1f4-clojure-org.png,Main,2838240,1971,1440
3370b1f4-clojure-org.png,Supplement,457920,318,1440
3370b1f4-clojure-org.png,Footer,87840,61,1440
4f0c08db-crystal-lang-org.png,Nav,20160,14,1440
4f0c08db-crystal-lang-org.png,Header,479520,333,1440
4f0c08db-crystal-lang-org.png,Main,584640,406,1440
4f0c08db-crystal-lang-org.png,Banner,31680,22,1440
4f0c08db-crystal-lang-org.png,Supplement,146880,102,1440
4f0c08db-crystal-lang-org.png,Footer,33120,23,1440
756da4af-elixir-lang-org.png,Nav,40320,28,1440
756da4af-elixir-lang-org.png,Header,220320,153,1440
756da4af-elixir-lang-org.png,Main,1009440,701,1440
756da4af-elixir-lang-org.png,Footer,25920,18,1440
ca99bd4f-fortran-lang-org.png,Nav,82080,57,1440
ca99bd4f-fortran-lang-org.png,Header,594720,413,1440
ca99bd4f-fortran-lang-org.png,Main,535680,372,1440
ca99bd4f-fortran-lang-org.png,Footer,83520,58,1440
22bb7f13-golang-org.png,Nav,83520,58,1440
22bb7f13-golang-org.png,Header,3936960,2734,1440
22bb7f13-golang-org.png,Main,2944800,2045,1440
22bb7f13-golang-org.png,Supplement,450720,313,1440
22bb7f13-golang-org.png,Footer,99360,69,1440
6f6ed817-julialang-org.png,Nav,100800,70,1440
6f6ed817-julialang-org.png,Header,305280,212,1440
6f6ed817-julialang-org.png,Main,5464800,3795,1440
6f6ed817-julialang-org.png,Supplement,335520,233,1440
6f6ed817-julialang-org.png,Footer,113760,79,1440
fb8b2bf8-racket-lang-org.png,Nav,57600,40,1440
fb8b2bf8-racket-lang-org.png,Banner,41760,29,1440
fb8b2bf8-racket-lang-org.png,Header,367200,255,1440
fb8b2bf8-racket-lang-org.png,Main,622080,432,1440
fb8b2bf8-racket-lang-org.png,Footer,214560,149,1440
6e88dac4-www-erlang-org.png,Nav,109440,76,1440
6e88dac4-www-erlang-org.png,Header,378720,263,1440
6e88dac4-www-erlang-org.png,Main,800640,556,1440
6e88dac4-www-erlang-org.png,Supplement,92160,64,1440
c2814149-www-haskell-org.png,Nav,84960,59,1440
c2814149-www-haskell-org.png,Header,822240,571,1440
c2814149-www-haskell-org.png,Main,3477600,2415,1440
c2814149-www-haskell-org.png,Supplement,136800,95,1440
c2814149-www-haskell-org.png,Footer,164160,114,1440
7857f87b-www-nim-lang-org.png,Nav,15840,11,1440
7857f87b-www-nim-lang-org.png,Header,381600,265,1440
7857f87b-www-nim-lang-org.png,Main,855360,594,1440
7857f87b-www-nim-lang-org.png,Footer,36000,25,1440
88533213-www-ocaml-org.png,Nav,105120,73,1440
88533213-www-ocaml-org.png,Header,993600,690,1440
88533213-www-ocaml-org.png,Banner,482400,335,1440
88533213-www-ocaml-org.png,Main,8877600,6165,1440
88533213-www-ocaml-org.png,Supplement,910080,632,1440
5f59ae43-www-perl-org.png,Nav,171360,119,1440
5f59ae43-www-perl-org.png,Header,601920,418,1440
5f59ae43-www-perl-org.png,Main,1195200,830,1440
5f59ae43-www-perl-org.png,Banner,86400,60,1440
5f59ae43-www-perl-org.png,Supplement,586080,407,1440
5f59ae43-www-perl-org.png,Footer,171360,119,1440
9c194dac-www-rust-lang-org.png,Nav,31680,22,1440
9c194dac-www-rust-lang-org.png,Header,129600,90,1440
9c194dac-www-rust-lang-org.png,Main,947520,658,1440
9c194dac-www-rust-lang-org.png,Supplement,135360,94,1440
9c194dac-www-rust-lang-org.png,Footer,51840,36,1440
2d87af8b-www-scala-lang-org.png,Banner,20160,14,1440
2d87af8b-www-scala-lang-org.png,Nav,47520,33,1440
2d87af8b-www-scala-lang-org.png,Header,262080,182,1440
2d87af8b-www-scala-lang-org.png,Main,774720,538,1440
2d87af8b-www-scala-lang-org.png,Supplement,136800,95,1440
2d87af8b-www-scala-lang-org.png,Footer,56160,39,1440
c608afa7-www-scheme-org.png,Nav,138240,96,1440
c608afa7-www-scheme-org.png,Header,573120,398,1440
c608afa7-www-scheme-org.png,Main,2407680,1672,1440
c608afa7-www-scheme-org.png,Footer,99360,69,1440
eec68b89-www-tcl-tk.png,Nav,240480,167,1440
eec68b89-www-tcl-tk.png,Header,722880,502,1440
eec68b89-www-tcl-tk.png,Main,276480,192,1440
eec68b89-www-tcl-tk.png,Footer,146880,102,1440
ee446f74-airflow-apache-org.png,Banner,57600,40,1440
ee446f74-airflow-apache-org.png,Nav,171360,119,1440
ee446f74-airflow-apache-org.png,Header,1229760,854,1440
ee446f74-airflow-apache-org.png,Main,4824000,3350,1440
ee446f74-airflow-apache-org.png,Supplement,191520,133,1440
ee446f74-airflow-apache-org.png,Footer,224640,156,1440
cd4e69a2-cassandra-apache-org.png,Nav,131040,91,1440
cd4e69a2-cassandra-apache-org.png,Header,972000,675,1440
cd4e69a2-cassandra-apache-org.png,Main,7123680,4947,1440
cd4e69a2-cassandra-apache-org.png,Supplement,879840,611,1440
cd4e69a2-cassandra-apache-org.png,Footer,208800,145,1440
39284420-couchdb-apache-org.png,Nav,256320,178,1440
39284420-couchdb-apache-org.png,Header,1128960,784,1440
39284420-couchdb-apache-org.png,Main,8035200,5580,1440
39284420-couchdb-apache-org.png,Supplement,843840,586,1440
39284420-couchdb-apache-org.png,Footer,758880,527,1440
3dc03d74-flink-apache-org.png,Nav,103680,72,1440
3dc03d74-flink-apache-org.png,Header,842400,585,1440
3dc03d74-flink-apache-org.png,Main,3215520,2233,1440
3dc03d74-flink-apache-org.png,Supplement,371520,258,1440
3dc03d74-flink-apache-org.png,Footer,180000,125,1440
3035c061-graphql-org.png,Nav,90720,63,1440
3035c061-graphql-org.png,Header,1152000,800,1440
3035c061-graphql-org.png,Main,14754240,10246,1440
3035c061-graphql-org.png,Supplement,591840,411,1440
3035c061-graphql-org.png,Footer,80640,56,1440
7f041404-grpc-io.png,Nav,90720,63,1440
7f041404-grpc-io.png,Banner,200160,139,1440
7f041404-grpc-io.png,Header,853920,593,1440
7f041404-grpc-io.png,Main,3273120,2273,1440
7f041404-grpc-io.png,Footer,217440,151,1440
d2a936ef-hadoop-apache-org.png,Nav,61920,43,1440
d2a936ef-hadoop-apache-org.png,Header,630720,438,1440
d2a936ef-hadoop-apache-org.png,Main,4288320,2978,1440
d2a936ef-hadoop-apache-org.png,Footer,224640,156,1440
fa282bfd-hive-apache-org.png,Nav,100800,70,1440
fa282bfd-hive-apache-org.png,Header,1303200,905,1440
fa282bfd-hive-apache-org.png,Banner,116640,81,1440
fa282bfd-hive-apache-org.png,Main,10298880,7152,1440
fa282bfd-hive-apache-org.png,Supplement,754560,524,1440
fa282bfd-hive-apache-org.png,Footer,273600,190,1440
716d3c32-ignite-apache-org.png,Nav,64800,45,1440
716d3c32-ignite-apache-org.png,Nav,135360,94,1440
716d3c32-ignite-apache-org.png,Header,1206720,838,1440
716d3c32-ignite-apache-org.png,Main,6865920,4768,1440
716d3c32-ignite-apache-org.png,Supplement,833760,579,1440
716d3c32-ignite-apache-org.png,Footer,254880,177,1440
52703013-jupyterlab-readthedocs-io.png,Banner,69120,48,1440
52703013-jupyterlab-readthedocs-io.png,Nav,103680,72,1440
52703013-jupyterlab-readthedocs-io.png,Header,1487520,1033,1440
52703013-jupyterlab-readthedocs-io.png,Main,3670560,2549,1440
52703013-jupyterlab-readthedocs-io.png,Footer,142560,99,1440
837b6196-kafka-apache-org.png,Nav,162720,113,1440
837b6196-kafka-apache-org.png,Header,1589760,1104,1440
837b6196-kafka-apache-org.png,Main,2220480,1542,1440
837b6196-kafka-apache-org.png,Footer,93600,65,1440
20632446-matplotlib-org.png,Nav,108000,75,1440
20632446-matplotlib-org.png,Banner,34560,24,1440
20632446-matplotlib-org.png,Header,885600,615,1440
20632446-matplotlib-org.png,Main,2440800,1695,1440
20632446-matplotlib-org.png,Footer,377280,262,1440
310c6449-mlflow-org.png,Nav,80640,56,1440
310c6449-mlflow-org.png,Header,709920,493,1440
310c6449-mlflow-org.png,Main,5192640,3606,1440
310c6449-mlflow-org.png,Supplement,524160,364,1440
310c6449-mlflow-org.png,Footer,319680,222,1440
4db103d4-plotly-com.png,Banner,102240,71,1440
4db103d4-plotly-com.png,Header,1213920,843,1440
4db103d4-plotly-com.png,Main,6248160,4339,1440
4db103d4-plotly-com.png,Footer,787680,547,1440
26f2a978-seaborn-pydata-org.png,Nav,110880,77,1440
26f2a978-seaborn-pydata-org.png,Header,491040,341,1440
26f2a978-seaborn-pydata-org.png,Main,586080,407,1440
26f2a978-seaborn-pydata-org.png,Footer,109440,76,1440
ee37e6ae-spark-apache-org.png,Nav,156640,80,1958
ee37e6ae-spark-apache-org.png,Header,836066,427,1958
ee37e6ae-spark-apache-org.png,Main,6627830,3385,1958
ee37e6ae-spark-apache-org.png,Supplement,695090,355,1958
ee37e6ae-spark-apache-org.png,Footer,180136,92,1958
3c0081d9-superset-apache-org.png,Banner,38880,27,1440
3c0081d9-superset-apache-org.png,Nav,86400,60,1440
3c0081d9-superset-apache-org.png,Header,1343520,933,1440
3c0081d9-superset-apache-org.png,Main,4451040,3091,1440
3c0081d9-superset-apache-org.png,Supplement,108000,75,1440
3c0081d9-superset-apache-org.png,Footer,414720,288,1440
fe946043-www-django-rest-framework-org.png,Nav,42340,29,1460
fe946043-www-django-rest-framework-org.png,Header,389820,267,1460
fe946043-www-django-rest-framework-org.png,Main,899360,616,1460
fe946043-www-django-rest-framework-org.png,Footer,17520,12,1460
d5ec4bb7-www-scipy-org.png,Nav,89280,62,1440
d5ec4bb7-www-scipy-org.png,Header,230400,160,1440
d5ec4bb7-www-scipy-org.png,Banner,90720,63,1440
d5ec4bb7-www-scipy-org.png,Main,787680,547,1440
d5ec4bb7-www-scipy-org.png,Footer,426240,296,1440
1b593426-www-sympy-org.png,Nav,188640,131,1440
1b593426-www-sympy-org.png,Header,289440,201,1440
1b593426-www-sympy-org.png,Main,1615680,1122,1440
1b593426-www-sympy-org.png,Footer,182880,127,1440
548c9326-zookeeper-apache-org.png,Nav,119520,83,1440
548c9326-zookeeper-apache-org.png,Header,133920,93,1440
548c9326-zookeeper-apache-org.png,Main,783360,544,1440
548c9326-zookeeper-apache-org.png,Footer,259200,180,1440
5cb20bd6-bitbucket-org.png,Nav,100800,70,1440
5cb20bd6-bitbucket-org.png,Banner,79200,55,1440
5cb20bd6-bitbucket-org.png,Header,1048320,728,1440
5cb20bd6-bitbucket-org.png,Main,9515520,6608,1440
5cb20bd6-bitbucket-org.png,Supplement,368640,256,1440
5cb20bd6-bitbucket-org.png,Footer,152640,106,1440
e8c82ba2-code-visualstudio-com.png,Nav,110880,77,1440
e8c82ba2-code-visualstudio-com.png,Banner,56160,39,1440
e8c82ba2-code-visualstudio-com.png,Header,1772640,1231,1440
e8c82ba2-code-visualstudio-com.png,Main,6763680,4697,1440
e8c82ba2-code-visualstudio-com.png,Supplement,136800,95,1440
e8c82ba2-code-visualstudio-com.png,Footer,61920,43,1440
650fbe73-developer-android-com.png,Nav,139680,97,1440
650fbe73-developer-android-com.png,Header,849600,590,1440
650fbe73-developer-android-com.png,Main,9110880,6327,1440
650fbe73-developer-android-com.png,Supplement,557280,387,1440
650fbe73-developer-android-com.png,Footer,171360,119,1440
4883d222-developer-apple-com.png,Nav,125280,87,1440
4883d222-developer-apple-com.png,Header,833760,579,1440
4883d222-developer-apple-com.png,Main,5448960,3784,1440
4883d222-developer-apple-com.png,Supplement,787680,547,1440
4883d222-developer-apple-com.png,Footer,132480,92,1440
fb42cc8a-developer-microsoft-com.png,Banner,120960,84,1440
fb42cc8a-developer-microsoft-com.png,Nav,70560,49,1440
fb42cc8a-developer-microsoft-com.png,Banner,72000,50,1440
fb42cc8a-developer-microsoft-com.png,Header,573120,398,1440
fb42cc8a-developer-microsoft-com.png,Nav,82080,57,1440
fb42cc8a-developer-microsoft-com.png,Main,11243520,7808,1440
fb42cc8a-developer-microsoft-com.png,Supplement,177120,123,1440
fb42cc8a-developer-microsoft-com.png,Footer,120960,84,1440
de45cdf9-developer-nvidia-com.png,Nav,144000,100,1440
de45cdf9-developer-nvidia-com.png,Header,663840,461,1440
de45cdf9-developer-nvidia-com.png,Main,5163840,3586,1440
de45cdf9-developer-nvidia-com.png,Supplement,254880,177,1440
de45cdf9-developer-nvidia-com.png,Footer,250560,174,1440
e9958b5b-developers-google-com.png,Nav,69120,48,1440
e9958b5b-developers-google-com.png,Header,676800,470,1440
e9958b5b-developers-google-com.png,Main,4374720,3038,1440
e9958b5b-developers-google-com.png,Supplement,485280,337,1440
e9958b5b-developers-google-com.png,Footer,974880,677,1440
a0e75f7c-grafana-com.png,Nav,64800,45,1440
a0e75f7c-grafana-com.png,Header,1188000,825,1440
a0e75f7c-grafana-com.png,Main,6952320,4828,1440
a0e75f7c-grafana-com.png,Supplement,1239840,861,1440
a0e75f7c-grafana-com.png,Footer,195840,136,1440
f891bd8f-helm-sh.png,Nav,339768,234,1452
f891bd8f-helm-sh.png,Header,948156,653,1452
f891bd8f-helm-sh.png,Main,6836016,4708,1452
f891bd8f-helm-sh.png,Supplement,588060,405,1452
f891bd8f-helm-sh.png,Footer,204732,141,1452
c49daa93-kubernetes-io.png,Nav,105120,73,1440
c49daa93-kubernetes-io.png,Banner,259200,180,1440
c49daa93-kubernetes-io.png,Header,1625760,1129,1440
c49daa93-kubernetes-io.png,Main,3686400,2560,1440
c49daa93-kubernetes-io.png,Footer,354240,246,1440
54137d85-prometheus-io.png,Nav,80640,56,1440
54137d85-prometheus-io.png,Header,852480,592,1440
54137d85-prometheus-io.png,Main,2593440,1801,1440
54137d85-prometheus-io.png,Footer,231840,161,1440
15cf0dd1-www-ansible-com.png,Nav,122400,85,1440
15cf0dd1-www-ansible-com.png,Header,540000,375,1440
15cf0dd1-www-ansible-com.png,Main,4949280,3437,1440
15cf0dd1-www-ansible-com.png,Footer,178560,124,1440
e61bee74-www-chef-io.png,Nav,100800,70,1440
e61bee74-www-chef-io.png,Banner,67680,47,1440
e61bee74-www-chef-io.png,Header,584640,406,1440
e61bee74-www-chef-io.png,Main,4906080,3407,1440
e61bee74-www-chef-io.png,Supplement,580320,403,1440
e61bee74-www-chef-io.png,Footer,476640,331,1440
53ce4ebd-www-consul-io.png,Nav,103680,72,1440
53ce4ebd-www-consul-io.png,Header,1110240,771,1440
53ce4ebd-www-consul-io.png,Main,5179680,3597,1440
53ce4ebd-www-consul-io.png,Footer,290880,202,1440
8ca9331e-www-gitlab-com.png,Banner,80640,56,1440
8ca9331e-www-gitlab-com.png,Nav,122400,85,1440
8ca9331e-www-gitlab-com.png,Header,2069280,1437,1440
8ca9331e-www-gitlab-com.png,Main,7329600,5090,1440
8ca9331e-www-gitlab-com.png,Supplement,1134720,788,1440
8ca9331e-www-gitlab-com.png,Footer,224640,156,1440
9f982823-www-jetbrains-com.png,Nav,108000,75,1440
9f982823-www-jetbrains-com.png,Header,1177920,818,1440
9f982823-www-jetbrains-com.png,Main,15089760,10479,1440
9f982823-www-jetbrains-com.png,Supplement,930240,646,1440
9f982823-www-jetbrains-com.png,Footer,355680,247,1440
46e5ebb6-www-nomadproject-io.png,Nav,103680,72,1440
46e5ebb6-www-nomadproject-io.png,Header,1296000,900,1440
46e5ebb6-www-nomadproject-io.png,Main,2999520,2083,1440
46e5ebb6-www-nomadproject-io.png,Footer,188640,131,1440
cc803d9f-www-puppet-com.png,Nav,135360,94,1440
cc803d9f-www-puppet-com.png,Nav,266400,185,1440
cc803d9f-www-puppet-com.png,Header,738720,513,1440
cc803d9f-www-puppet-com.png,Main,8893440,6176,1440
cc803d9f-www-puppet-com.png,Supplement,527040,366,1440
cc803d9f-www-puppet-com.png,Footer,217440,151,1440
4a4f3b93-www-saltproject-io.png,Nav,106560,74,1440
4a4f3b93-www-saltproject-io.png,Header,724320,503,1440
4a4f3b93-www-saltproject-io.png,Main,7151040,4966,1440
4a4f3b93-www-saltproject-io.png,Supplement,387360,269,1440
4a4f3b93-www-saltproject-io.png,Footer,236160,164,1440
b40ba131-albumentations-ai.png,Nav,79200,55,1440
b40ba131-albumentations-ai.png,Header,1216800,845,1440
b40ba131-albumentations-ai.png,Main,6089760,4229,1440
b40ba131-albumentations-ai.png,Supplement,125280,87,1440
eda5f1eb-chainer-org.png,Header,735840,511,1440
eda5f1eb-chainer-org.png,Banner,89280,62,1440
eda5f1eb-chainer-org.png,Main,3435840,2386,1440
eda5f1eb-chainer-org.png,Footer,249120,173,1440
f5b75c5f-fastai-org.png,Header,558720,388,1440
f5b75c5f-fastai-org.png,Main,696960,484,1440
f5b75c5f-fastai-org.png,Footer,139680,97,1440
f970b663-huggingface-co.png,Nav,97920,68,1440
f970b663-huggingface-co.png,Header,1038240,721,1440
f970b663-huggingface-co.png,Main,6897600,4790,1440
f970b663-huggingface-co.png,Supplement,581760,404,1440
d5881fb4-jax-readthedocs-io.png,Nav,129600,90,1440
d5881fb4-jax-readthedocs-io.png,Header,364320,253,1440
d5881fb4-jax-readthedocs-io.png,Main,2352960,1634,1440
d5881fb4-jax-readthedocs-io.png,Supplement,95040,66,1440
d5881fb4-jax-readthedocs-io.png,Footer,110880,77,1440
09588479-keras-io.png,Nav,197554,137,1442
09588479-keras-io.png,Header,1232910,855,1442
09588479-keras-io.png,Main,7088872,4916,1442
09588479-keras-io.png,Supplement,1129086,783,1442
09588479-keras-io.png,Footer,98056,68,1442
85bdf295-lightning-ai.png,Banner,80640,56,1440
85bdf295-lightning-ai.png,Nav,112320,78,1440
85bdf295-lightning-ai.png,Header,2512800,1745,1440
85bdf295-lightning-ai.png,Main,5680800,3945,1440
85bdf295-lightning-ai.png,Supplement,712800,495,1440
83422856-mlcommons-org.png,Nav,281298,173,1626
83422856-mlcommons-org.png,Header,2216238,1363,1626
83422856-mlcommons-org.png,Main,6364164,3914,1626
83422856-mlcommons-org.png,Supplement,487800,300,1626
83422856-mlcommons-org.png,Footer,164226,101,1626
88e84939-mxnet-apache-org.png,Nav,110880,77,1440
88e84939-mxnet-apache-org.png,Banner,93600,65,1440
88e84939-mxnet-apache-org.png,Header,803520,558,1440
88e84939-mxnet-apache-org.png,Main,1771200,1230,1440
88e84939-mxnet-apache-org.png,Supplement,482400,335,1440
88e84939-mxnet-apache-org.png,Footer,260640,181,1440
43941279-onnx-ai.png,Banner,77760,54,1440
43941279-onnx-ai.png,Nav,162720,113,1440
43941279-onnx-ai.png,Header,869760,604,1440
43941279-onnx-ai.png,Main,3435840,2386,1440
43941279-onnx-ai.png,Supplement,426240,296,1440
43941279-onnx-ai.png,Footer,188640,131,1440
81d7f1c3-pytorch-org.png,Banner,54720,38,1440
81d7f1c3-pytorch-org.png,Nav,118080,82,1440
81d7f1c3-pytorch-org.png,Header,478080,332,1440
81d7f1c3-pytorch-org.png,Main,4884480,3392,1440
81d7f1c3-pytorch-org.png,Supplement,528480,367,1440
81d7f1c3-pytorch-org.png,Footer,377280,262,1440
8f8d3131-ultralytics-com.png,Banner,120680,70,1724
8f8d3131-ultralytics-com.png,Nav,149988,87,1724
8f8d3131-ultralytics-com.png,Header,1227488,712,1724
8f8d3131-ultralytics-com.png,Main,15576340,9035,1724
8f8d3131-ultralytics-com.png,Supplement,1836060,1065,1724
8f8d3131-ultralytics-com.png,Footer,299976,174,1724
efc4a6ff-www-langchain-com.png,Nav,141120,98,1440
efc4a6ff-www-langchain-com.png,Header,1159200,805,1440
efc4a6ff-www-langchain-com.png,Main,15478560,10749,1440
efc4a6ff-www-langchain-com.png,Supplement,999360,694,1440
efc4a6ff-www-langchain-com.png,Footer,125280,87,1440
c25c3405-www-opencv-ai.png,Nav,180000,125,1440
c25c3405-www-opencv-ai.png,Header,1496160,1039,1440
c25c3405-www-opencv-ai.png,Main,9247680,6422,1440
c25c3405-www-opencv-ai.png,Supplement,784800,545,1440
c25c3405-www-opencv-ai.png,Footer,178560,124,1440
13802afc-www-ray-io.png,Banner,77760,54,1440
13802afc-www-ray-io.png,Nav,133920,93,1440
13802afc-www-ray-io.png,Header,1052640,731,1440
13802afc-www-ray-io.png,Main,8372160,5814,1440
13802afc-www-ray-io.png,Supplement,879840,611,1440
13802afc-www-ray-io.png,Footer,495360,344,1440
f151be26-www-tensorflow-org.png,Nav,79200,55,1440
f151be26-www-tensorflow-org.png,Header,1674720,1163,1440
f151be26-www-tensorflow-org.png,Main,7115040,4941,1440
f151be26-www-tensorflow-org.png,Supplement,328320,228,1440
f151be26-www-tensorflow-org.png,Footer,177120,123,1440
4b13d973-getfedora-org.png,Nav,79200,55,1440
4b13d973-getfedora-org.png,Header,1280160,889,1440
4b13d973-getfedora-org.png,Main,4289760,2979,1440
4b13d973-getfedora-org.png,Supplement,600480,417,1440
4b13d973-getfedora-org.png,Footer,181440,126,1440
4b13d973-getfedora-org.png,Banner,168480,117,1440
4b4bf786-linuxmint-com.png,Nav,182880,127,1440
4b4bf786-linuxmint-com.png,Header,927360,644,1440
4b4bf786-linuxmint-com.png,Main,7120800,4945,1440
4b4bf786-linuxmint-com.png,Supplement,434880,302,1440
4b4bf786-linuxmint-com.png,Footer,164160,114,1440
42025ffa-manjaro-org.png,Nav,89280,62,1440
42025ffa-manjaro-org.png,Header,741600,515,1440
42025ffa-manjaro-org.png,Main,1359360,944,1440
42025ffa-manjaro-org.png,Supplement,285120,198,1440
42025ffa-manjaro-org.png,Banner,113760,79,1440
a992f2ec-nmap-org.png,Nav,227520,158,1440
a992f2ec-nmap-org.png,Header,2174400,1510,1440
a992f2ec-nmap-org.png,Main,457920,318,1440
a992f2ec-nmap-org.png,Supplement,404640,281,1440
74780dd1-pop-system76-com.png,Nav,332640,231,1440
74780dd1-pop-system76-com.png,Header,586080,407,1440
74780dd1-pop-system76-com.png,Main,9576000,6650,1440
74780dd1-pop-system76-com.png,Supplement,263520,183,1440
74780dd1-pop-system76-com.png,Footer,151200,105,1440
c291a708-tails-net.png,Banner,172800,120,1440
c291a708-tails-net.png,Banner,485280,337,1440
c291a708-tails-net.png,Nav,146880,102,1440
c291a708-tails-net.png,Header,2033280,1412,1440
c291a708-tails-net.png,Main,2365920,1643,1440
c291a708-tails-net.png,Supplement,629280,437,1440
c291a708-tails-net.png,Footer,216000,150,1440
c58c9740-www-archlinux-org.png,Nav,96480,67,1440
c58c9740-www-archlinux-org.png,Header,597600,415,1440
c58c9740-www-archlinux-org.png,Footer,48960,34,1440
c58c9740-www-archlinux-org.png,Main,1565280,1087,1440
c58c9740-www-archlinux-org.png,Supplement,561600,390,1440
bf5ef0a6-www-blackarch-org.png,Nav,177120,123,1440
bf5ef0a6-www-blackarch-org.png,Header,727200,505,1440
bf5ef0a6-www-blackarch-org.png,Main,1715040,1191,1440
bf5ef0a6-www-blackarch-org.png,Supplement,711360,494,1440
bf5ef0a6-www-blackarch-org.png,Footer,103680,72,1440
4ca1b1ff-www-debian-org.png,Nav,105120,73,1440
4ca1b1ff-www-debian-org.png,Header,165600,115,1440
4ca1b1ff-www-debian-org.png,Main,2319840,1611,1440
4ca1b1ff-www-debian-org.png,Supplement,133920,93,1440
4ca1b1ff-www-debian-org.png,Footer,164160,114,1440
8aab4622-www-freebsd-org.png,Nav,149760,104,1440
8aab4622-www-freebsd-org.png,Header,478080,332,1440
8aab4622-www-freebsd-org.png,Main,727200,505,1440
8aab4622-www-freebsd-org.png,Footer,100800,70,1440
f9fc9967-www-ossec-net.png,Header,1080000,750,1440
f9fc9967-www-ossec-net.png,Main,9979200,6930,1440
f9fc9967-www-ossec-net.png,Footer,208800,145,1440
f0565475-www-parrotsec-org.png,Nav,185760,129,1440
f0565475-www-parrotsec-org.png,Header,888480,617,1440
f0565475-www-parrotsec-org.png,Main,12202560,8474,1440
f0565475-www-parrotsec-org.png,Supplement,815040,566,1440
f0565475-www-parrotsec-org.png,Footer,372960,259,1440
f0565475-www-parrotsec-org.png,Banner,110880,77,1440
d2b47d99-www-snort-org.png,Nav,135360,94,1440
d2b47d99-www-snort-org.png,Header,714240,496,1440
d2b47d99-www-snort-org.png,Main,6775200,4705,1440
d2b47d99-www-snort-org.png,Supplement,158400,110,1440
d2b47d99-www-snort-org.png,Footer,164160,114,1440
2a497187-www-torproject-org.png,Nav,151200,105,1440
2a497187-www-torproject-org.png,Banner,463680,322,1440
2a497187-www-torproject-org.png,Header,784800,545,1440
2a497187-www-torproject-org.png,Main,3682080,2557,1440
2a497187-www-torproject-org.png,Supplement,1382400,960,1440
2a497187-www-torproject-org.png,Footer,175680,122,1440
289ab040-www-wireshark-org.png,Banner,66240,46,1440
289ab040-www-wireshark-org.png,Nav,96480,67,1440
289ab040-www-wireshark-org.png,Header,933120,648,1440
289ab040-www-wireshark-org.png,Main,6278400,4360,1440
289ab040-www-wireshark-org.png,Supplement,335520,233,1440
289ab040-www-wireshark-org.png,Footer,73440,51,1440
7775e6dd-www-zeek-org.png,Nav,241080,164,1470
7775e6dd-www-zeek-org.png,Header,983430,669,1470
7775e6dd-www-zeek-org.png,Main,3076710,2093,1470
7775e6dd-www-zeek-org.png,Supplement,677670,461,1470
7775e6dd-www-zeek-org.png,Footer,167580,114,1470
ecd31e42-www-libvirt-org.png,Nav,146880,102,1440
ecd31e42-www-libvirt-org.png,Header,466560,324,1440
ecd31e42-www-libvirt-org.png,Main,1278720,888,1440
ecd31e42-www-libvirt-org.png,Footer,169920,118,1440
d41972f5-www-qemu-org.png,Nav,61920,43,1440
d41972f5-www-qemu-org.png,Header,339840,236,1440
d41972f5-www-qemu-org.png,Main,1360800,945,1440
d41972f5-www-qemu-org.png,Supplement,56160,39,1440
d41972f5-www-qemu-org.png,Footer,76320,53,1440
fc462100-www-raspberrypi-org.png,Nav,92160,64,1440
fc462100-www-raspberrypi-org.png,Header,817920,568,1440
fc462100-www-raspberrypi-org.png,Main,7414560,5149,1440
fc462100-www-raspberrypi-org.png,Supplement,545760,379,1440
fc462100-www-raspberrypi-org.png,Banner,305280,212,1440
bff1d6e8-www-virtualbox-org.png,Nav,156960,109,1440
bff1d6e8-www-virtualbox-org.png,Header,619200,430,1440
bff1d6e8-www-virtualbox-org.png,Main,1231200,855,1440
bff1d6e8-www-virtualbox-org.png,Footer,128160,89,1440
